﻿<?xml version="1.0" encoding="utf-8"?>
<key id="0cbc4e5c-84f1-4fe8-a0c0-fe544abe9036" version="1">
  <creationDate>2023-08-26T09:40:32.5757855Z</creationDate>
  <activationDate>2023-08-26T09:40:32.5478481Z</activationDate>
  <expirationDate>2023-11-24T09:40:32.5478481Z</expirationDate>
  <descriptor deserializerType="Microsoft.AspNetCore.DataProtection.AuthenticatedEncryption.ConfigurationModel.AuthenticatedEncryptorDescriptorDeserializer, Microsoft.AspNetCore.DataProtection, Version=3.1.32.0, Culture=neutral, PublicKeyToken=adb9793829ddae60">
    <descriptor>
      <encryption algorithm="AES_256_CBC" />
      <validation algorithm="HMACSHA256" />
      <masterKey p4:requiresEncryption="true" xmlns:p4="http://schemas.asp.net/2015/03/dataProtection">
        <!-- Warning: the key below is in an unencrypted form. -->
        <value>1rwgM+xmw1ro9sL0NiH4255blEyXI8w1eDkQpMk/tLEFM7ySwFBaJ50v/1Mz5LkDSua2hRCLO6kqeW8wKcDg/A==</value>
      </masterKey>
    </descriptor>
  </descriptor>
</key>