<?xml version="1.0"?>
<doc>
    <assembly>
        <name>XMS.WeChat.Api</name>
    </assembly>
    <members>
        <member name="T:XMS.WeChat.Api.Controllers.ClientController">
            <summary>
            客户端操作
            </summary>
        </member>
        <member name="M:XMS.WeChat.Api.Controllers.ClientController.#ctor(Microsoft.Extensions.Caching.Distributed.IDistributedCache)">
            <summary>
            构造函数
            </summary>
            <param name="cache">缓存</param>
        </member>
        <member name="M:XMS.WeChat.Api.Controllers.ClientController.WXCreate(XMS.WeChat.Api.Models.Wechat.CreateDto)">
            <summary>
            创建通道
            </summary>
            <param name="dto"></param>
            <returns></returns>
        </member>
        <member name="M:XMS.WeChat.Api.Controllers.ClientController.WXRelease(XMS.WeChat.Api.Models.BaseDto)">
            <summary>
            删除通道
            </summary>
            <param name="dto"></param>
            <returns></returns>
        </member>
        <member name="M:XMS.WeChat.Api.Controllers.ClientController.WXKaleBeat(XMS.WeChat.Api.Models.BaseDto)">
            <summary>通道心跳</summary>
            <param name="dto"></param>
            <returns></returns>
        </member>
        <member name="T:XMS.WeChat.Api.Controllers.CloudController">
            <summary>
            云端API
            </summary>
        </member>
        <member name="M:XMS.WeChat.Api.Controllers.CloudController.#ctor(Microsoft.Extensions.Caching.Distributed.IDistributedCache)">
            <summary>
            构造函数
            </summary>
            <param name="cache">缓存</param>
        </member>
        <member name="M:XMS.WeChat.Api.Controllers.CloudController.CheckStatus(XMS.WeChat.Api.Models.BaseDto)">
            <summary>
            通道状态
            </summary>
            <param name="dto"></param>
            <returns></returns>
        </member>
        <member name="M:XMS.WeChat.Api.Controllers.CloudController.WXTransferSetF2FFee(XMS.WeChat.Api.Models.Payment.TransferSetF2FFeeDto)">
            <summary>收款码生成</summary>
            <param name="dto"></param>
            <returns></returns>
        </member>
        <member name="M:XMS.WeChat.Api.Controllers.CloudController.SuccessOrder(XMS.WeChat.Api.Models.GetOder)">
            <summary>
            新订单获取
            </summary>
            <param name="dto"></param>
            <returns></returns>
        </member>
        <member name="T:XMS.WeChat.Api.Controllers.LoginController">
            <summary>登陆操作功能</summary>
        </member>
        <member name="M:XMS.WeChat.Api.Controllers.LoginController.#ctor(Microsoft.Extensions.Caching.Distributed.IDistributedCache)">
            <summary>构造函数</summary>
            <param name="cache">缓存</param>
        </member>
        <member name="M:XMS.WeChat.Api.Controllers.LoginController.WXGetLoginQrcode(XMS.WeChat.Api.Models.Kale.KaleGetLoginQrcode)">
            <summary>获取登陆二维码</summary>
            <param name="dto"></param>
            <returns></returns>
        </member>
        <member name="M:XMS.WeChat.Api.Controllers.LoginController.WXCheckLoginQrcode(XMS.WeChat.Api.Models.Login.CheckLoginQrcodeDto)">
            <summary>获取登陆二维码状态</summary>
            <param name="dto"></param>
            <returns></returns>
        </member>
        <member name="M:XMS.WeChat.Api.Controllers.LoginController.WXLoginManual(XMS.WeChat.Api.Models.Login.LoginDto)">
            <summary>账号登陆</summary>
            <param name="dto"></param>
            <returns></returns>
        </member>
        <member name="T:XMS.WeChat.Api.Controllers.WechatController">
            <summary>微信控制器基类</summary>
        </member>
        <member name="F:XMS.WeChat.Api.Controllers.WechatController._Cache">
            <summary>缓存</summary>
        </member>
        <member name="M:XMS.WeChat.Api.Controllers.WechatController.#ctor(Microsoft.Extensions.Caching.Distributed.IDistributedCache)">
            <summary>构造函数</summary>
            <param name="cache">缓存</param>
        </member>
        <member name="M:XMS.WeChat.Api.Controllers.WechatController.UpdateClient(System.String,XMS.WeChat.Core.IWXApp)">
            <summary>更新客户端</summary>
            <param name="guid"></param>
            <param name="client"></param>
            <returns></returns>
        </member>
        <member name="M:XMS.WeChat.Api.Controllers.WechatController.GetClient(System.String)">
            <summary>获取客户端</summary>
            <param name="guid"></param>
            <returns></returns>
        </member>
        <member name="M:XMS.WeChat.Api.Controllers.WechatController.CreateClient(XMS.WeChat.Api.Models.Wechat.CreateDto,XMS.WeChat.Core.WXEnvironment,System.Action{XMS.WeChat.Core.IWXApp,XMS.WeChat.Api.Models.RestfulData{XMS.WeChat.Api.Models.BaseDto}})">
            <summary>创建客户端</summary>
            <param name="dto"></param>
            <param name="environment">环境信息</param>
            <param name="action"></param>
            <returns></returns>
        </member>
        <member name="M:XMS.WeChat.Api.Controllers.WechatController.CreateClient(XMS.WeChat.Core.Protocol.WXTerminal,System.Func{XMS.WeChat.Core.IWXApp,XMS.WeChat.Api.Models.RestfulData{System.Object},System.Threading.Tasks.Task})">
            <summary>创建客户端</summary>
            <param name="terminal">设备</param>
            <param name="action"></param>
            <returns></returns>
        </member>
        <member name="M:XMS.WeChat.Api.Controllers.WechatController.CreateClient(XMS.WeChat.Api.Models.Wechat.RecoveryDto,XMS.WeChat.Core.WXSerialization,System.Action{XMS.WeChat.Core.IWXApp,XMS.WeChat.Api.Models.RestfulData{XMS.WeChat.Api.Models.BaseDto}})">
            <summary>创建客户端</summary>
            <param name="dto"></param>
            <param name="serialization">客户端序列化信息</param>
            <param name="action"></param>
            <returns></returns>
        </member>
        <member name="M:XMS.WeChat.Api.Controllers.WechatController.ReleaseClient``1(XMS.WeChat.Api.Models.BaseDto,System.Action{XMS.WeChat.Api.Models.RestfulData{``0}})">
            <summary>释放客户端</summary>
            <param name="dto"></param>
            <param name="action"></param>
            <returns></returns>
        </member>
        <member name="M:XMS.WeChat.Api.Controllers.WechatController.Business``1(XMS.WeChat.Api.Models.BaseDto,System.Func{XMS.WeChat.Core.IWXApp,XMS.WeChat.Api.Models.RestfulData{``0},System.Threading.Tasks.Task})">
            <summary>请求业务</summary>
            <typeparam name="T"></typeparam>
            <param name="dto"></param>
            <param name="action"></param>
            <returns></returns>
        </member>
        <member name="T:XMS.WeChat.Api.Models.BaseDto">
            <summary>基本DTO</summary>
        </member>
        <member name="P:XMS.WeChat.Api.Models.BaseDto.Guid">
            <summary>微信客户端唯一ID</summary>
        </member>
        <member name="T:XMS.WeChat.Api.Models.Chatroom.ChatroomDto">
            <summary>群DTO</summary>
        </member>
        <member name="P:XMS.WeChat.Api.Models.Chatroom.ChatroomDto.Chatroom">
            <summary>群id</summary>
        </member>
        <member name="T:XMS.WeChat.Api.Models.Chatroom.ChatroomMemberDto">
            <summary>群及成员DTO</summary>
        </member>
        <member name="P:XMS.WeChat.Api.Models.Chatroom.ChatroomMemberDto.Users">
            <summary>用户列表</summary>
        </member>
        <member name="P:XMS.WeChat.Api.Models.Chatroom.ChatroomMemberDto.Chatroom">
            <summary>群id</summary>
        </member>
        <member name="T:XMS.WeChat.Api.Models.Chatroom.CreateChatroomDto">
            <summary>创建群聊DTO</summary>
        </member>
        <member name="P:XMS.WeChat.Api.Models.Chatroom.CreateChatroomDto.Users">
            <summary>用户列表，至少三人，且第一个人为自己</summary>
        </member>
        <member name="P:XMS.WeChat.Api.Models.Chatroom.CreateChatroomDto.NickName">
            <summary>群昵称</summary>
        </member>
        <member name="T:XMS.WeChat.Api.Models.Chatroom.SetChatroomAccessVerifyDto">
            <summary>设置群公告DTO</summary>
        </member>
        <member name="P:XMS.WeChat.Api.Models.Chatroom.SetChatroomAccessVerifyDto.Chatroom">
            <summary>群id</summary>
        </member>
        <member name="P:XMS.WeChat.Api.Models.Chatroom.SetChatroomAccessVerifyDto.Enable">
            <summary>邀请验证开关</summary>
        </member>
        <member name="T:XMS.WeChat.Api.Models.Chatroom.SetChatroomAnnouncementDto">
            <summary>设置群公告DTO</summary>
        </member>
        <member name="P:XMS.WeChat.Api.Models.Chatroom.SetChatroomAnnouncementDto.Announcement">
            <summary>公告</summary>
        </member>
        <member name="P:XMS.WeChat.Api.Models.Chatroom.SetChatroomAnnouncementDto.Chatroom">
            <summary>群id</summary>
        </member>
        <member name="T:XMS.WeChat.Api.Models.Chatroom.SetChatroomNameDto">
            <summary>设置群昵称DTO</summary>
        </member>
        <member name="P:XMS.WeChat.Api.Models.Chatroom.SetChatroomNameDto.Chatroom">
            <summary>群id</summary>
        </member>
        <member name="P:XMS.WeChat.Api.Models.Chatroom.SetChatroomNameDto.NickName">
            <summary>昵称</summary>
        </member>
        <member name="T:XMS.WeChat.Api.Models.Chatroom.TransferChatroomOwnerDto">
            <summary>转让群主DTO</summary>
        </member>
        <member name="P:XMS.WeChat.Api.Models.Chatroom.TransferChatroomOwnerDto.Chatroom">
            <summary>群id</summary>
        </member>
        <member name="P:XMS.WeChat.Api.Models.Chatroom.TransferChatroomOwnerDto.UserName">
            <summary>新群主id</summary>
        </member>
        <member name="T:XMS.WeChat.Api.Models.Common.BindOpMobileForRegDto">
            <summary>注册/登陆短信操作DTO</summary>
        </member>
        <member name="P:XMS.WeChat.Api.Models.Common.BindOpMobileForRegDto.OpCode">
            <summary>
            操作码，获取注册滑块-12，获取注册短信-14，发送注册短信-15，获取登陆验证码-16，发送登陆验证码-17
            </summary>
        </member>
        <member name="P:XMS.WeChat.Api.Models.Common.BindOpMobileForRegDto.PhoneNumber">
            <summary>手机号码，格式如：+8618012345678</summary>
        </member>
        <member name="P:XMS.WeChat.Api.Models.Common.BindOpMobileForRegDto.VerifyCode">
            <summary>验证码</summary>
        </member>
        <member name="P:XMS.WeChat.Api.Models.Common.BindOpMobileForRegDto.Reg">
            <summary>是否注册,0:登陆,1:注册</summary>
        </member>
        <member name="P:XMS.WeChat.Api.Models.Common.BindOpMobileForRegDto.RegsessionId">
            <summary>会话ID</summary>
        </member>
        <member name="P:XMS.WeChat.Api.Models.Common.BindOpMobileForRegDto.Authticket">
            <summary>票据</summary>
        </member>
        <member name="P:XMS.WeChat.Api.Models.Common.CheckVerifyCodeData.Mobile">
            <summary>绑定的手机号</summary>
        </member>
        <member name="P:XMS.WeChat.Api.Models.Common.CheckVerifyCodeData.VerifyCode">
            <summary>验证码（没有保持空）</summary>
        </member>
        <member name="T:XMS.WeChat.Api.Models.Common.JSCloudDto">
            <summary>JS Dto</summary>
        </member>
        <member name="P:XMS.WeChat.Api.Models.Common.JSCloudDto.AppId">
            <summary>小程序Appid</summary>
        </member>
        <member name="P:XMS.WeChat.Api.Models.Common.JSCloudDto.Funcation_name">
            <summary>云函数名称</summary>
        </member>
        <member name="P:XMS.WeChat.Api.Models.Common.JSCloudDto.Data">
            <summary>data数据 {\"action\":"getOpenId\"}</summary>
        </member>
        <member name="T:XMS.WeChat.Api.Models.Common.JSDto">
            <summary>JS Dto</summary>
        </member>
        <member name="P:XMS.WeChat.Api.Models.Common.JSDto.AppId">
            <summary>小程序Appid</summary>
        </member>
        <member name="P:XMS.WeChat.Api.Models.Common.JSOperateVipWxData.AppId">
            <summary>小程序AppId</summary>
        </member>
        <member name="P:XMS.WeChat.Api.Models.Common.JSOperateVipWxData.Data">
            <summary>
            data数据 {\"api_name\":\"webapi_getuserallappauth\",\"data\":{\"with_sub_msg\":false}}
            </summary>
        </member>
        <member name="T:XMS.WeChat.Api.Models.Common.LocationDto">
            <summary>位置DTO</summary>
        </member>
        <member name="P:XMS.WeChat.Api.Models.Common.LocationDto.Latitude">
            <summary>经度</summary>
        </member>
        <member name="P:XMS.WeChat.Api.Models.Common.LocationDto.Longitude">
            <summary>纬度</summary>
        </member>
        <member name="T:XMS.WeChat.Api.Models.Common.SdkOAuthAuthorizeConfirmDto">
            <summary>app登陆</summary>
        </member>
        <member name="P:XMS.WeChat.Api.Models.Common.SdkOAuthAuthorizeConfirmDto.AppId">
            <summary>小程序Appid</summary>
        </member>
        <member name="P:XMS.WeChat.Api.Models.Common.SdkOAuthAuthorizeConfirmDto.AppName">
            <summary>应用Appid</summary>
        </member>
        <member name="P:XMS.WeChat.Api.Models.Common.SdkOAuthAuthorizeConfirmDto.AppNamePack">
            <summary>应用包名</summary>
        </member>
        <member name="T:XMS.WeChat.Api.Models.Common.SearchHardDeviceDto">
            <summary>搜索硬件设备DTO</summary>
        </member>
        <member name="P:XMS.WeChat.Api.Models.Common.SearchHardDeviceDto.Qrcode">
            <summary>二维码</summary>
        </member>
        <member name="T:XMS.WeChat.Api.Models.Common.ShakeGetDto">
            <summary>摇一摇获取结果DTO</summary>
        </member>
        <member name="P:XMS.WeChat.Api.Models.Common.ShakeGetDto.ContextBase64">
            <summary>上下文内容BASE64</summary>
        </member>
        <member name="T:XMS.WeChat.Api.Models.Common.UploadDeviceStepDto">
            <summary>上传设备步数DTO</summary>
        </member>
        <member name="P:XMS.WeChat.Api.Models.Common.UploadDeviceStepDto.Count">
            <summary>步数</summary>
        </member>
        <member name="T:XMS.WeChat.Api.Models.Common.URLDto">
            <summary>URL Dto</summary>
        </member>
        <member name="P:XMS.WeChat.Api.Models.Common.URLDto.Url">
            <summary>Url链接</summary>
        </member>
        <member name="T:XMS.WeChat.Api.Models.Contact.BatchGetContactDto">
            <summary>批量获取好友简介DTO</summary>
        </member>
        <member name="P:XMS.WeChat.Api.Models.Contact.BatchGetContactDto.Users">
            <summary>好友列表</summary>
        </member>
        <member name="T:XMS.WeChat.Api.Models.Contact.ContactDto">
            <summary>联系人DTO</summary>
        </member>
        <member name="P:XMS.WeChat.Api.Models.Contact.ContactDto.UserName">
            <summary>用户id</summary>
        </member>
        <member name="T:XMS.WeChat.Api.Models.Contact.GetContactDto">
            <summary>获取联系人DTO</summary>
        </member>
        <member name="P:XMS.WeChat.Api.Models.Contact.GetContactDto.Users">
            <summary>联系人列表</summary>
        </member>
        <member name="T:XMS.WeChat.Api.Models.Contact.GetMFriendDto">
            <summary>获取通讯录朋友DTO</summary>
        </member>
        <member name="P:XMS.WeChat.Api.Models.Contact.GetMFriendDto.Md5">
            <summary>上次同步的MD5,首次传空</summary>
        </member>
        <member name="T:XMS.WeChat.Api.Models.Contact.InitContactDto">
            <summary>初始化通讯录DTO</summary>
        </member>
        <member name="P:XMS.WeChat.Api.Models.Contact.InitContactDto.CurrentWxContactSeq">
            <summary>当前好友联系人请求号,第一次为0</summary>
        </member>
        <member name="P:XMS.WeChat.Api.Models.Contact.InitContactDto.CurrentChatroomContactSeq">
            <summary>当前群聊联系人请求号,第一次为0</summary>
        </member>
        <member name="T:XMS.WeChat.Api.Models.Contact.SetContactFlagDto">
            <summary>设置联系人标志DTO</summary>
        </member>
        <member name="P:XMS.WeChat.Api.Models.Contact.SetContactFlagDto.UserName">
            <summary>用户id</summary>
        </member>
        <member name="P:XMS.WeChat.Api.Models.Contact.SetContactFlagDto.Flag">
            <summary>标志（3：黑名单，6：标星，0：通讯录，9：消息免打扰，11：置顶聊天）</summary>
        </member>
        <member name="P:XMS.WeChat.Api.Models.Contact.SetContactFlagDto.Status">
            <summary>状态（启用：true，禁用：false）</summary>
        </member>
        <member name="T:XMS.WeChat.Api.Models.Contact.SetContactLabelDto">
            <summary>设置用户标签DTO</summary>
        </member>
        <member name="P:XMS.WeChat.Api.Models.Contact.SetContactLabelDto.UserName">
            <summary>用户id</summary>
        </member>
        <member name="P:XMS.WeChat.Api.Models.Contact.SetContactLabelDto.Labels">
            <summary>标签id列表</summary>
        </member>
        <member name="T:XMS.WeChat.Api.Models.Contact.SetContactRemarkDto">
            <summary>设置用户备注DTO</summary>
        </member>
        <member name="P:XMS.WeChat.Api.Models.Contact.SetContactRemarkDto.UserName">
            <summary>用户id</summary>
        </member>
        <member name="P:XMS.WeChat.Api.Models.Contact.SetContactRemarkDto.Remark">
            <summary>备注</summary>
        </member>
        <member name="P:XMS.WeChat.Api.Models.Contact.SetContactRemarkDto.Description">
            <summary>描述</summary>
        </member>
        <member name="T:XMS.WeChat.Api.Models.Contact.UploadMContactDto">
            <summary>上传通讯录DTO</summary>
        </member>
        <member name="P:XMS.WeChat.Api.Models.Contact.UploadMContactDto.Mobile">
            <summary>自己手机号码</summary>
        </member>
        <member name="P:XMS.WeChat.Api.Models.Contact.UploadMContactDto.PhoneNumberList">
            <summary>手机号码列表（建议大小为15）</summary>
        </member>
        <member name="T:XMS.WeChat.Api.Models.Contact.VerifyUserDto">
            <summary>好友验证DTO</summary>
        </member>
        <member name="P:XMS.WeChat.Api.Models.Contact.VerifyUserDto.Type">
            <summary>类型，1添加好友/公众号，2打招呼验证，3同意好友添加请求，4拒绝</summary>
        </member>
        <member name="P:XMS.WeChat.Api.Models.Contact.VerifyUserDto.Stranger_v1">
            <summary>对方stranger_v1字符串,公众号时则为公众号APPID</summary>
        </member>
        <member name="P:XMS.WeChat.Api.Models.Contact.VerifyUserDto.Stranger_v2">
            <summary>对方stranger_v2字符串,公众号时忽略</summary>
        </member>
        <member name="P:XMS.WeChat.Api.Models.Contact.VerifyUserDto.Scene">
            <summary>
            添加好友来源类型，1QQ，2邮箱，3微信号，14群聊，15手机号，18附近的人，25漂流瓶，29摇一摇，30二维码，13通讯录
            </summary>
        </member>
        <member name="P:XMS.WeChat.Api.Models.Contact.VerifyUserDto.Verify">
            <summary>添加好友时的验证信息(可为空，WX自己默认首次验证就是为空，若需要验证消息则再次发送填写该参数)</summary>
        </member>
        <member name="P:XMS.WeChat.Api.Models.Contact.VerifyUserDto.Ticket">
            <summary>接受好友请求的ticket,若添加好友来源为群，则指定群用户名，可为空)</summary>
        </member>
        <member name="T:XMS.WeChat.Api.Models.Extension.ScanQrcodeDto">
            <summary>扫描二维码DTO</summary>
        </member>
        <member name="P:XMS.WeChat.Api.Models.Extension.ScanQrcodeDto.Url">
            <summary>二维码链接</summary>
        </member>
        <member name="T:XMS.WeChat.Api.Models.Favor.AddFavItemDto">
            <summary>添加收藏DTO</summary>
        </member>
        <member name="P:XMS.WeChat.Api.Models.Favor.AddFavItemDto.Content">
            <summary>收藏xml内容</summary>
        </member>
        <member name="P:XMS.WeChat.Api.Models.Favor.AddFavItemDto.SourceId">
            <summary>源id</summary>
        </member>
        <member name="T:XMS.WeChat.Api.Models.Favor.BatchFavItemDto">
            <summary>批量操作收藏夹Dto</summary>
        </member>
        <member name="P:XMS.WeChat.Api.Models.Favor.BatchFavItemDto.FavIds">
            <summary>收藏夹Id列表</summary>
        </member>
        <member name="T:XMS.WeChat.Api.Models.Favor.FavSyncDto">
            <summary>同步收藏夹DTO</summary>
        </member>
        <member name="P:XMS.WeChat.Api.Models.Favor.FavSyncDto.SyncKeyBase64">
            <summary>上一次同步Key,首次为null</summary>
        </member>
        <member name="P:XMS.WeChat.Api.Models.Kale.BaseResult.flag">
            <summary>
            标志信息（标识环境信息是否已改变）
            </summary>
        </member>
        <member name="P:XMS.WeChat.Api.Models.Kale.BaseResult.code">
            <summary>
            错误码
            </summary>
        </member>
        <member name="P:XMS.WeChat.Api.Models.Kale.BaseResult.message">
            <summary>
            消息
            </summary>
        </member>
        <member name="P:XMS.WeChat.Api.Models.Kale.BaseResult.url">
            <summary>
            相关的链接帮助地址
            </summary>
        </member>
        <member name="P:XMS.WeChat.Api.Models.Kale.KaleGetLoginQrcode.Moshi">
            <summary>
            模式：0店员 1收款 2赞赏 3收款单
            </summary>
        </member>
        <member name="T:XMS.WeChat.Api.Models.Label.AddContactLabelDto">
            <summary>添加标签DTO</summary>
        </member>
        <member name="P:XMS.WeChat.Api.Models.Label.AddContactLabelDto.Name">
            <summary>标签名称</summary>
        </member>
        <member name="T:XMS.WeChat.Api.Models.Label.DelContactLabelDto">
            <summary>删除标签DTO</summary>
        </member>
        <member name="P:XMS.WeChat.Api.Models.Label.DelContactLabelDto.Id">
            <summary>标签Id</summary>
        </member>
        <member name="T:XMS.WeChat.Api.Models.Login.CheckLoginQrcodeDto">
            <summary>获取登陆二维码状态DTO</summary>
        </member>
        <member name="P:XMS.WeChat.Api.Models.Login.CheckLoginQrcodeDto.Uuid">
            <summary>二维码Uuid</summary>
        </member>
        <member name="T:XMS.WeChat.Api.Models.Login.DataToData">
            <summary>数据转数据</summary>
        </member>
        <member name="P:XMS.WeChat.Api.Models.Login.DataToData.UserName">
            <summary>账号</summary>
        </member>
        <member name="P:XMS.WeChat.Api.Models.Login.DataToData.Password">
            <summary>密码</summary>
        </member>
        <member name="P:XMS.WeChat.Api.Models.Login.DataToData.DataLogin">
            <summary>数据</summary>
        </member>
        <member name="T:XMS.WeChat.Api.Models.Login.LoginDto">
            <summary>获取DTO</summary>
        </member>
        <member name="P:XMS.WeChat.Api.Models.Login.LoginDto.Channel">
            <summary>登录通道(0：用户密码，1：二维码，2：手机)</summary>
        </member>
        <member name="P:XMS.WeChat.Api.Models.Login.LoginDto.UserName">
            <summary>用户名</summary>
        </member>
        <member name="P:XMS.WeChat.Api.Models.Login.LoginDto.Password">
            <summary>密码</summary>
        </member>
        <member name="T:XMS.WeChat.Api.Models.Message.GetMsgMediaDto">
            <summary>获取消息媒体DTO</summary>
        </member>
        <member name="P:XMS.WeChat.Api.Models.Message.GetMsgMediaDto.UserName">
            <summary>对方用户名</summary>
        </member>
        <member name="P:XMS.WeChat.Api.Models.Message.GetMsgMediaDto.NewMsgId">
            <summary>新消息Id</summary>
        </member>
        <member name="P:XMS.WeChat.Api.Models.Message.GetMsgMediaDto.TotalLength">
            <summary>总长度</summary>
        </member>
        <member name="P:XMS.WeChat.Api.Models.Message.GetMsgMediaDto.Offset">
            <summary>偏移，第一次为0</summary>
        </member>
        <member name="T:XMS.WeChat.Api.Models.Message.MassMsgImageDto">
            <summary>群发图片消息DTO</summary>
        </member>
        <member name="P:XMS.WeChat.Api.Models.Message.MassMsgImageDto.Users">
            <summary>用户列表</summary>
        </member>
        <member name="P:XMS.WeChat.Api.Models.Message.MassMsgImageDto.ImageFileBase64">
            <summary>图片文件BASE64编码</summary>
        </member>
        <member name="T:XMS.WeChat.Api.Models.Message.MassMsgTextDto">
            <summary>群发文本消息DTO</summary>
        </member>
        <member name="P:XMS.WeChat.Api.Models.Message.MassMsgTextDto.Users">
            <summary>用户id列表</summary>
        </member>
        <member name="P:XMS.WeChat.Api.Models.Message.MassMsgTextDto.Content">
            <summary>文本内容</summary>
        </member>
        <member name="T:XMS.WeChat.Api.Models.Message.MassMsgVideoDto">
            <summary>群发视频消息DTO</summary>
        </member>
        <member name="P:XMS.WeChat.Api.Models.Message.MassMsgVideoDto.Users">
            <summary>用户列表</summary>
        </member>
        <member name="P:XMS.WeChat.Api.Models.Message.MassMsgVideoDto.MediaFileBase64">
            <summary>媒体文件BASE64</summary>
        </member>
        <member name="P:XMS.WeChat.Api.Models.Message.MassMsgVideoDto.ThumbImageFileBase64">
            <summary>媒体缩略图文件BASE64</summary>
        </member>
        <member name="P:XMS.WeChat.Api.Models.Message.MassMsgVideoDto.MediaTime">
            <summary>媒体时长（单位：秒）</summary>
        </member>
        <member name="T:XMS.WeChat.Api.Models.Message.MassMsgVoiceDto">
            <summary>群发语音消息DTO</summary>
        </member>
        <member name="P:XMS.WeChat.Api.Models.Message.MassMsgVoiceDto.Users">
            <summary>用户列表</summary>
        </member>
        <member name="P:XMS.WeChat.Api.Models.Message.MassMsgVoiceDto.MediaFileBase64">
            <summary>媒体文件BASE64</summary>
        </member>
        <member name="P:XMS.WeChat.Api.Models.Message.MassMsgVoiceDto.MediaTime">
            <summary>媒体时长（单位：毫秒）</summary>
        </member>
        <member name="P:XMS.WeChat.Api.Models.Message.MassMsgVoiceDto.Type">
            <summary>音频格式：AMR = 0, MP3 = 2, SILK = 4, SPEEX = 1, WAVE = 3</summary>
        </member>
        <member name="T:XMS.WeChat.Api.Models.Message.MsgStatusNotifyDto">
            <summary>消息状态通知DTO</summary>
        </member>
        <member name="P:XMS.WeChat.Api.Models.Message.MsgStatusNotifyDto.MsgId">
            <summary>消息Id</summary>
        </member>
        <member name="T:XMS.WeChat.Api.Models.Message.RevokeMsgDto">
            <summary>撤回消息DTO</summary>
        </member>
        <member name="P:XMS.WeChat.Api.Models.Message.RevokeMsgDto.UserName">
            <summary>用户名</summary>
        </member>
        <member name="P:XMS.WeChat.Api.Models.Message.RevokeMsgDto.NewMsgId">
            <summary>新消息Id</summary>
        </member>
        <member name="T:XMS.WeChat.Api.Models.Message.SendAppMsgDto">
            <summary>发送APP消息DTO</summary>
        </member>
        <member name="P:XMS.WeChat.Api.Models.Message.SendAppMsgDto.UserName">
            <summary>用户id</summary>
        </member>
        <member name="P:XMS.WeChat.Api.Models.Message.SendAppMsgDto.Content">
            <summary>APP消息XML结构</summary>
        </member>
        <member name="T:XMS.WeChat.Api.Models.Message.SendImageDto">
            <summary>发送图片消息DTO</summary>
        </member>
        <member name="P:XMS.WeChat.Api.Models.Message.SendImageDto.Base64Image">
            <summary>图片BASE64</summary>
        </member>
        <member name="P:XMS.WeChat.Api.Models.Message.SendImageDto.UserName">
            <summary>对方用户id/群id</summary>
        </member>
        <member name="T:XMS.WeChat.Api.Models.Message.SendMsgDto">
            <summary>发送文本消息DTO</summary>
        </member>
        <member name="P:XMS.WeChat.Api.Models.Message.SendMsgDto.UserName">
            <summary>对方用户id/群id</summary>
        </member>
        <member name="P:XMS.WeChat.Api.Models.Message.SendMsgDto.Content">
            <summary>消息文本内容</summary>
        </member>
        <member name="T:XMS.WeChat.Api.Models.Message.SendShareDto">
            <summary>发送分享消息DTO</summary>
        </member>
        <member name="P:XMS.WeChat.Api.Models.Message.SendShareDto.UserName">
            <summary>对方用户id/群id</summary>
        </member>
        <member name="P:XMS.WeChat.Api.Models.Message.SendShareDto.Title">
            <summary>标题</summary>
        </member>
        <member name="P:XMS.WeChat.Api.Models.Message.SendShareDto.Description">
            <summary>描述</summary>
        </member>
        <member name="P:XMS.WeChat.Api.Models.Message.SendShareDto.Type">
            <summary>app类型 3：音乐  4：小app  5：大app</summary>
        </member>
        <member name="P:XMS.WeChat.Api.Models.Message.SendShareDto.Url">
            <summary>链接地址</summary>
        </member>
        <member name="P:XMS.WeChat.Api.Models.Message.SendShareDto.DataUrl">
            <summary>数据链接地址</summary>
        </member>
        <member name="P:XMS.WeChat.Api.Models.Message.SendShareDto.ThumbUrl">
            <summary>缩略图链接地址</summary>
        </member>
        <member name="T:XMS.WeChat.Api.Models.Message.SendVideoDto">
            <summary>发送视频消息DTO</summary>
        </member>
        <member name="P:XMS.WeChat.Api.Models.Message.SendVideoDto.UserName">
            <summary>用户id</summary>
        </member>
        <member name="P:XMS.WeChat.Api.Models.Message.SendVideoDto.VideoFileBase64">
            <summary>视频文件BASE64</summary>
        </member>
        <member name="P:XMS.WeChat.Api.Models.Message.SendVideoDto.ImageFileBase64">
            <summary>缩略图文件BASE64</summary>
        </member>
        <member name="P:XMS.WeChat.Api.Models.Message.SendVideoDto.VideoTime">
            <summary>视频时长</summary>
        </member>
        <member name="T:XMS.WeChat.Api.Models.Message.SendVoiceDto">
            <summary>发送语音消息DTO</summary>
        </member>
        <member name="P:XMS.WeChat.Api.Models.Message.SendVoiceDto.Type">
            <summary>音频格式：AMR = 0, MP3 = 2, SILK = 4, SPEEX = 1, WAVE = 3</summary>
        </member>
        <member name="P:XMS.WeChat.Api.Models.Message.SendVoiceDto.UserName">
            <summary>用户id</summary>
        </member>
        <member name="P:XMS.WeChat.Api.Models.Message.SendVoiceDto.DataFileBase64">
            <summary>音频文件BASE64</summary>
        </member>
        <member name="P:XMS.WeChat.Api.Models.Message.SendVoiceDto.VoiceTime">
            <summary>音频时长，单位毫秒</summary>
        </member>
        <member name="T:XMS.WeChat.Api.Models.Message.ShareCardDto">
            <summary>分享名片DTO</summary>
        </member>
        <member name="P:XMS.WeChat.Api.Models.Message.ShareCardDto.UserName">
            <summary>对方用户id/群id</summary>
        </member>
        <member name="P:XMS.WeChat.Api.Models.Message.ShareCardDto.Id">
            <summary>名片联系人id</summary>
        </member>
        <member name="P:XMS.WeChat.Api.Models.Message.ShareCardDto.NickName">
            <summary>昵称</summary>
        </member>
        <member name="P:XMS.WeChat.Api.Models.Message.ShareCardDto.Alias">
            <summary>别名</summary>
        </member>
        <member name="T:XMS.WeChat.Api.Models.Message.ShareFavDto">
            <summary>分享收藏DTO</summary>
        </member>
        <member name="P:XMS.WeChat.Api.Models.Message.ShareFavDto.UserName">
            <summary>用户id</summary>
        </member>
        <member name="P:XMS.WeChat.Api.Models.Message.ShareFavDto.Ids">
            <summary>收藏Id列表</summary>
        </member>
        <member name="T:XMS.WeChat.Api.Models.Message.ShareLocationDto">
            <summary>分享位置DTO</summary>
        </member>
        <member name="P:XMS.WeChat.Api.Models.Message.ShareLocationDto.UserName">
            <summary>对方用户id</summary>
        </member>
        <member name="P:XMS.WeChat.Api.Models.Message.ShareLocationDto.Title">
            <summary>标题</summary>
        </member>
        <member name="P:XMS.WeChat.Api.Models.Message.ShareLocationDto.Latitude">
            <summary>经度</summary>
        </member>
        <member name="P:XMS.WeChat.Api.Models.Message.ShareLocationDto.Longitude">
            <summary>纬度</summary>
        </member>
        <member name="T:XMS.WeChat.Api.Models.Message.SyncMessageDto">
            <summary>同步消息DTO</summary>
        </member>
        <member name="P:XMS.WeChat.Api.Models.Message.SyncMessageDto.Continueflag">
            <summary>继续同步标志</summary>
        </member>
        <member name="P:XMS.WeChat.Api.Models.Message.SyncMessageDto.Ret">
            <summary>返回值</summary>
        </member>
        <member name="P:XMS.WeChat.Api.Models.Message.SyncMessageDto.Result">
            <summary>结果</summary>
        </member>
        <member name="T:XMS.WeChat.Api.Models.Payment.CheckPayPasswordDto">
            <summary>检测支付密码DTO</summary>
        </member>
        <member name="P:XMS.WeChat.Api.Models.Payment.CheckPayPasswordDto.Password">
            <summary>支付密码</summary>
        </member>
        <member name="T:XMS.WeChat.Api.Models.Payment.CreatePreTransferDto">
            <summary>创建转账DTO</summary>
        </member>
        <member name="P:XMS.WeChat.Api.Models.Payment.CreatePreTransferDto.UserName">
            <summary>对方用户名</summary>
        </member>
        <member name="P:XMS.WeChat.Api.Models.Payment.CreatePreTransferDto.Fee">
            <summary>金额</summary>
        </member>
        <member name="P:XMS.WeChat.Api.Models.Payment.CreatePreTransferDto.Description">
            <summary>备注</summary>
        </member>
        <member name="T:XMS.WeChat.Api.Models.Payment.CreateRedPacketDto">
            <summary>创建红包DTO</summary>
        </member>
        <member name="P:XMS.WeChat.Api.Models.Payment.CreateRedPacketDto.Type">
            <summary>红包类型：0普通红包，1拼手气红包</summary>
        </member>
        <member name="P:XMS.WeChat.Api.Models.Payment.CreateRedPacketDto.UserName">
            <summary>好友或群id</summary>
        </member>
        <member name="P:XMS.WeChat.Api.Models.Payment.CreateRedPacketDto.From">
            <summary>0个人红包，1群红包，3分享红包</summary>
        </member>
        <member name="P:XMS.WeChat.Api.Models.Payment.CreateRedPacketDto.Count">
            <summary>红包个数，必须大于等于1</summary>
        </member>
        <member name="P:XMS.WeChat.Api.Models.Payment.CreateRedPacketDto.Amount">
            <summary>红包金额，必须大于等于1，单位：分</summary>
        </member>
        <member name="P:XMS.WeChat.Api.Models.Payment.CreateRedPacketDto.Content">
            <summary>红包语 如: 恭喜发财，大吉大利</summary>
        </member>
        <member name="T:XMS.WeChat.Api.Models.Payment.OpenRedPacketDto">
            <summary>打开红包DTO</summary>
        </member>
        <member name="P:XMS.WeChat.Api.Models.Payment.OpenRedPacketDto.ChannelId">
            <summary>通道Id</summary>
        </member>
        <member name="P:XMS.WeChat.Api.Models.Payment.OpenRedPacketDto.MsgType">
            <summary>消息类型</summary>
        </member>
        <member name="P:XMS.WeChat.Api.Models.Payment.OpenRedPacketDto.NativeUrl">
            <summary>NativeUrl</summary>
        </member>
        <member name="P:XMS.WeChat.Api.Models.Payment.OpenRedPacketDto.SendId">
            <summary>发送Id</summary>
        </member>
        <member name="P:XMS.WeChat.Api.Models.Payment.OpenRedPacketDto.Ver">
            <summary>版本</summary>
        </member>
        <member name="P:XMS.WeChat.Api.Models.Payment.OpenRedPacketDto.SendUserName">
            <summary>发送用户id</summary>
        </member>
        <member name="P:XMS.WeChat.Api.Models.Payment.OpenRedPacketDto.TimingIdentifier">
            <summary>定时标识</summary>
        </member>
        <member name="T:XMS.WeChat.Api.Models.Payment.QueryRedPacketDto">
            <summary>查询红包DTO</summary>
        </member>
        <member name="P:XMS.WeChat.Api.Models.Payment.QueryRedPacketDto.ChannelId">
            <summary>通道Id</summary>
        </member>
        <member name="P:XMS.WeChat.Api.Models.Payment.QueryRedPacketDto.MsgType">
            <summary>消息类型</summary>
        </member>
        <member name="P:XMS.WeChat.Api.Models.Payment.QueryRedPacketDto.NativeUrl">
            <summary>NativeUrl</summary>
        </member>
        <member name="P:XMS.WeChat.Api.Models.Payment.QueryRedPacketDto.SendId">
            <summary>发送Id</summary>
        </member>
        <member name="P:XMS.WeChat.Api.Models.Payment.QueryRedPacketDto.Limit">
            <summary>单页记录数,默认11</summary>
        </member>
        <member name="P:XMS.WeChat.Api.Models.Payment.QueryRedPacketDto.Offset">
            <summary>翻页偏移，第一页：0，第二页：11，第三页：22</summary>
        </member>
        <member name="T:XMS.WeChat.Api.Models.Payment.ReceiveRedPacketDto">
            <summary>接收红包DTO</summary>
        </member>
        <member name="P:XMS.WeChat.Api.Models.Payment.ReceiveRedPacketDto.ChannelId">
            <summary>通道Id</summary>
        </member>
        <member name="P:XMS.WeChat.Api.Models.Payment.ReceiveRedPacketDto.MsgType">
            <summary>消息类型</summary>
        </member>
        <member name="P:XMS.WeChat.Api.Models.Payment.ReceiveRedPacketDto.NativeUrl">
            <summary>NativeUrl</summary>
        </member>
        <member name="P:XMS.WeChat.Api.Models.Payment.ReceiveRedPacketDto.SendId">
            <summary>发送Id</summary>
        </member>
        <member name="P:XMS.WeChat.Api.Models.Payment.ReceiveRedPacketDto.Ver">
            <summary>版本</summary>
        </member>
        <member name="T:XMS.WeChat.Api.Models.Payment.TransferConfirmDto">
            <summary>确认转账DTO</summary>
        </member>
        <member name="P:XMS.WeChat.Api.Models.Payment.TransferConfirmDto.BankType">
            <summary>银行类型</summary>
        </member>
        <member name="P:XMS.WeChat.Api.Models.Payment.TransferConfirmDto.BindSerial">
            <summary>卡号绑定的序列号</summary>
        </member>
        <member name="P:XMS.WeChat.Api.Models.Payment.TransferConfirmDto.ReqKey">
            <summary>请求key</summary>
        </member>
        <member name="P:XMS.WeChat.Api.Models.Payment.TransferConfirmDto.Password">
            <summary>支付密码</summary>
        </member>
        <member name="T:XMS.WeChat.Api.Models.Payment.TransferOperateDto">
            <summary>收款操作DTO</summary>
        </member>
        <member name="P:XMS.WeChat.Api.Models.Payment.TransferOperateDto.InvalidTime">
            <summary>有效时间</summary>
        </member>
        <member name="P:XMS.WeChat.Api.Models.Payment.TransferOperateDto.TransId">
            <summary>转账Id</summary>
        </member>
        <member name="P:XMS.WeChat.Api.Models.Payment.TransferOperateDto.TransactionId">
            <summary>交易Id</summary>
        </member>
        <member name="T:XMS.WeChat.Api.Models.Payment.TransferSetF2FFeeDto">
            <summary>获取自定义金额收款二维码DTO</summary>
        </member>
        <member name="P:XMS.WeChat.Api.Models.Payment.TransferSetF2FFeeDto.Fee">
            <summary>金额，单位分，比如一元就是100</summary>
        </member>
        <member name="P:XMS.WeChat.Api.Models.Payment.TransferSetF2FFeeDto.Description">
            <summary>收款备注</summary>
        </member>
        <member name="T:XMS.WeChat.Api.Models.Register.RegisterDto">
            <summary>注册账号DTO</summary>
        </member>
        <member name="P:XMS.WeChat.Api.Models.Register.RegisterDto.PhoneNumber">
            <summary>手机号码</summary>
        </member>
        <member name="P:XMS.WeChat.Api.Models.Register.RegisterDto.NickName">
            <summary>昵称</summary>
        </member>
        <member name="P:XMS.WeChat.Api.Models.Register.RegisterDto.Password">
            <summary>密码</summary>
        </member>
        <member name="P:XMS.WeChat.Api.Models.Register.RegisterDto.Ticket">
            <summary>注册票据</summary>
        </member>
        <member name="T:XMS.WeChat.Api.Models.RestfulData">
            <summary>返回数据</summary>
        </member>
        <member name="P:XMS.WeChat.Api.Models.RestfulData.code">
            <summary>错误码</summary>
        </member>
        <member name="P:XMS.WeChat.Api.Models.RestfulData.message">
            <summary>消息</summary>
        </member>
        <member name="P:XMS.WeChat.Api.Models.RestfulData.url">
            <summary>相关的链接帮助地址</summary>
        </member>
        <member name="T:XMS.WeChat.Api.Models.RestfulData`1">
            <summary>返回数据</summary>
            <typeparam name="T"></typeparam>
        </member>
        <member name="P:XMS.WeChat.Api.Models.RestfulData`1.flag">
            <summary>标志信息（标识环境信息是否已改变）</summary>
        </member>
        <member name="P:XMS.WeChat.Api.Models.RestfulData`1.data">
            <summary>数据</summary>
        </member>
        <member name="T:XMS.WeChat.Api.Models.Sns.SnsCommentDto">
            <summary>朋友圈回复DTO</summary>
        </member>
        <member name="P:XMS.WeChat.Api.Models.Sns.SnsCommentDto.Type">
            <summary>类型(1:点赞, 2:文本, 3:消息, 4:with, 5:陌生人点赞)</summary>
        </member>
        <member name="P:XMS.WeChat.Api.Models.Sns.SnsCommentDto.Id">
            <summary>动态Id</summary>
        </member>
        <member name="P:XMS.WeChat.Api.Models.Sns.SnsCommentDto.UserName">
            <summary>对方用户id</summary>
        </member>
        <member name="P:XMS.WeChat.Api.Models.Sns.SnsCommentDto.ReplyId">
            <summary>回复id</summary>
        </member>
        <member name="P:XMS.WeChat.Api.Models.Sns.SnsCommentDto.Content">
            <summary>回复内容</summary>
        </member>
        <member name="T:XMS.WeChat.Api.Models.Sns.SnsObjectDetailDto">
            <summary>朋友圈动态详情DTO</summary>
        </member>
        <member name="P:XMS.WeChat.Api.Models.Sns.SnsObjectDetailDto.Id">
            <summary>动态Id</summary>
        </member>
        <member name="T:XMS.WeChat.Api.Models.Sns.SnsObjectOperateDto">
            <summary>朋友圈操作DTO</summary>
        </member>
        <member name="P:XMS.WeChat.Api.Models.Sns.SnsObjectOperateDto.Id">
            <summary>朋友圈动态Id</summary>
        </member>
        <member name="P:XMS.WeChat.Api.Models.Sns.SnsObjectOperateDto.Type">
            <summary>1删除朋友圈，2设为隐私，3设为公开，4删除评论，5取消点赞</summary>
        </member>
        <member name="P:XMS.WeChat.Api.Models.Sns.SnsObjectOperateDto.Ext">
            <summary>扩展id</summary>
        </member>
        <member name="T:XMS.WeChat.Api.Models.Sns.SnsPostDto">
            <summary>发朋友圈DTO</summary>
        </member>
        <member name="P:XMS.WeChat.Api.Models.Sns.SnsPostDto.ContentXml">
            <summary>朋友圈xml结构</summary>
        </member>
        <member name="P:XMS.WeChat.Api.Models.Sns.SnsPostDto.BlackList">
            <summary>黑名单</summary>
        </member>
        <member name="P:XMS.WeChat.Api.Models.Sns.SnsPostDto.WithList">
            <summary>提醒名单</summary>
        </member>
        <member name="T:XMS.WeChat.Api.Models.Sns.SnsTimeLineDto">
            <summary>获取朋友圈动态DTO</summary>
        </member>
        <member name="P:XMS.WeChat.Api.Models.Sns.SnsTimeLineDto.FirstPageMd5">
            <summary>上页MD5</summary>
        </member>
        <member name="P:XMS.WeChat.Api.Models.Sns.SnsTimeLineDto.Maxid">
            <summary>上一次最大动态id</summary>
        </member>
        <member name="T:XMS.WeChat.Api.Models.Sns.SnsUploadDto">
            <summary>朋友圈上传图片DTO</summary>
        </member>
        <member name="P:XMS.WeChat.Api.Models.Sns.SnsUploadDto.ImageFileBase64">
            <summary>图片文件BASE64</summary>
        </member>
        <member name="T:XMS.WeChat.Api.Models.Sns.SnsUserPageDto">
            <summary>好友朋友圈动态DTO</summary>
        </member>
        <member name="P:XMS.WeChat.Api.Models.Sns.SnsUserPageDto.UserName">
            <summary>用户id</summary>
        </member>
        <member name="P:XMS.WeChat.Api.Models.Sns.SnsUserPageDto.FirstPageMd5">
            <summary>上页MD5</summary>
        </member>
        <member name="P:XMS.WeChat.Api.Models.Sns.SnsUserPageDto.Maxid">
            <summary>上一次最大动态id</summary>
        </member>
        <member name="T:XMS.WeChat.Api.Models.UnBan.UnBanDto">
            <summary>封号操作DTO</summary>
        </member>
        <member name="P:XMS.WeChat.Api.Models.UnBan.UnBanDto.UserName">
            <summary>用户名</summary>
        </member>
        <member name="P:XMS.WeChat.Api.Models.UnBan.UnBanDto.Password">
            <summary>密码</summary>
        </member>
        <member name="T:XMS.WeChat.Api.Models.UnBan.UnBanNoGuidDto">
            <summary>封号操作DTO</summary>
        </member>
        <member name="P:XMS.WeChat.Api.Models.UnBan.UnBanNoGuidDto.UserName">
            <summary>用户名</summary>
        </member>
        <member name="P:XMS.WeChat.Api.Models.UnBan.UnBanNoGuidDto.Password">
            <summary>密码</summary>
        </member>
        <member name="T:XMS.WeChat.Api.Models.User.BindEmailDto">
            <summary>绑定邮箱DTO</summary>
        </member>
        <member name="P:XMS.WeChat.Api.Models.User.BindEmailDto.OpCode">
            <summary>操作码(1:绑定，2:解绑)</summary>
        </member>
        <member name="P:XMS.WeChat.Api.Models.User.BindEmailDto.Email">
            <summary>邮箱</summary>
        </member>
        <member name="T:XMS.WeChat.Api.Models.User.BindMobileDto">
            <summary>绑定手机号DTO</summary>
        </member>
        <member name="P:XMS.WeChat.Api.Models.User.BindMobileDto.OpCode">
            <summary>1：发送验证码，2：绑定手机号</summary>
        </member>
        <member name="P:XMS.WeChat.Api.Models.User.BindMobileDto.PhoneNumber">
            <summary>手机号码</summary>
        </member>
        <member name="P:XMS.WeChat.Api.Models.User.BindMobileDto.VerifyCode">
            <summary>验证码</summary>
        </member>
        <member name="T:XMS.WeChat.Api.Models.User.DelSafeDeviceDto">
            <summary>删除安全设备DTO</summary>
        </member>
        <member name="P:XMS.WeChat.Api.Models.User.DelSafeDeviceDto.Uuid">
            <summary>设备uuid</summary>
        </member>
        <member name="T:XMS.WeChat.Api.Models.User.FunctionSwitchDto">
            <summary>好友验证功能切换</summary>
        </member>
        <member name="P:XMS.WeChat.Api.Models.User.FunctionSwitchDto.Function">
            <summary>
            4：加我为朋友是需要验证(1开启，2关闭)
            7：向我推荐通讯录朋友（1关闭，2开启）
            8：允许手机号找到我（1关闭，2开启）
            25：允许微信号找到我（1关闭，2开启）
            38：允许群聊添加我（1关闭，2开启）
            39：允许我的二维码添加我（1关闭，2开启）
            40：允许名片添加我（1关闭，2开启）
            允许朋友查看朋友圈的范围：7297，值（全部：4294967295，最近半年：4320，最近一个月：720，最近3天：72）
            允许陌生人查看十条朋友圈：开启（7296，值：72），关闭（7297，值：72）
            </summary>
        </member>
        <member name="P:XMS.WeChat.Api.Models.User.FunctionSwitchDto.Value">
            <summary>开关</summary>
        </member>
        <member name="T:XMS.WeChat.Api.Models.User.GeneralSetDto">
            <summary>通用设置DTO</summary>
        </member>
        <member name="P:XMS.WeChat.Api.Models.User.GeneralSetDto.Type">
            <summary>类型（1：设置微信号）</summary>
        </member>
        <member name="P:XMS.WeChat.Api.Models.User.GeneralSetDto.Value">
            <summary>值</summary>
        </member>
        <member name="T:XMS.WeChat.Api.Models.User.GetQrcodeDto">
            <summary>获取二维码DTO</summary>
        </member>
        <member name="P:XMS.WeChat.Api.Models.User.GetQrcodeDto.UserName">
            <summary>个人或群id</summary>
        </member>
        <member name="T:XMS.WeChat.Api.Models.User.SetPasswordDto">
            <summary>设置密码DTO</summary>
        </member>
        <member name="P:XMS.WeChat.Api.Models.User.SetPasswordDto.Ticket">
            <summary>验证密码票据</summary>
        </member>
        <member name="P:XMS.WeChat.Api.Models.User.SetPasswordDto.Password">
            <summary>密码</summary>
        </member>
        <member name="T:XMS.WeChat.Api.Models.User.SetUserInfoDto">
            <summary>设置用户信息DTO</summary>
        </member>
        <member name="P:XMS.WeChat.Api.Models.User.SetUserInfoDto.NickName">
            <summary>昵称(为null则不修改)</summary>
        </member>
        <member name="P:XMS.WeChat.Api.Models.User.SetUserInfoDto.Sex">
            <summary>性别：0：未知，1：男，2：女</summary>
        </member>
        <member name="P:XMS.WeChat.Api.Models.User.SetUserInfoDto.Signature">
            <summary>签名(为null则不修改)</summary>
        </member>
        <member name="P:XMS.WeChat.Api.Models.User.SetUserInfoDto.Country">
            <summary>国家，国家简写字母，如：CN(为null则不修改)</summary>
        </member>
        <member name="P:XMS.WeChat.Api.Models.User.SetUserInfoDto.Province">
            <summary>省份，省份拼音，如：zhejiang(为null则不修改)</summary>
        </member>
        <member name="P:XMS.WeChat.Api.Models.User.SetUserInfoDto.City">
            <summary>城市，城市拼音，如：hangzhou(为null则不修改)</summary>
        </member>
        <member name="T:XMS.WeChat.Api.Models.User.UploadHeadImageDto">
            <summary>上传头像DTO</summary>
        </member>
        <member name="P:XMS.WeChat.Api.Models.User.UploadHeadImageDto.Base64Image">
            <summary>图片BASE64编码</summary>
        </member>
        <member name="T:XMS.WeChat.Api.Models.User.VerifyPasswordDto">
            <summary>验证密码DTO</summary>
        </member>
        <member name="P:XMS.WeChat.Api.Models.User.VerifyPasswordDto.Password">
            <summary>密码</summary>
        </member>
        <member name="T:XMS.WeChat.Api.Models.User.VerifyPersonalInfoDto">
            <summary>验证个人信息DTO</summary>
        </member>
        <member name="P:XMS.WeChat.Api.Models.User.VerifyPersonalInfoDto.RealName">
            <summary>真实姓名</summary>
        </member>
        <member name="P:XMS.WeChat.Api.Models.User.VerifyPersonalInfoDto.CardType">
            <summary>卡类型</summary>
        </member>
        <member name="P:XMS.WeChat.Api.Models.User.VerifyPersonalInfoDto.CardNumber">
            <summary>卡号</summary>
        </member>
        <member name="T:XMS.WeChat.Api.Models.Wechat.CreateDto">
            <summary>创建DTO</summary>
        </member>
        <member name="P:XMS.WeChat.Api.Models.Wechat.CreateDto.Cloudkey">
            <summary>云端密钥</summary>
        </member>
        <member name="P:XMS.WeChat.Api.Models.Wechat.CreateDto.IsDaili">
            <summary>是否使用代理</summary>
        </member>
        <member name="P:XMS.WeChat.Api.Models.Wechat.CreateDto.Address">
            <summary>代理地址</summary>
        </member>
        <member name="P:XMS.WeChat.Api.Models.Wechat.CreateDto.Port">
            <summary>端口</summary>
        </member>
        <member name="P:XMS.WeChat.Api.Models.Wechat.CreateDto.UserName">
            <summary>用户名</summary>
        </member>
        <member name="P:XMS.WeChat.Api.Models.Wechat.CreateDto.Password">
            <summary>密码</summary>
        </member>
        <member name="T:XMS.WeChat.Api.Models.Wechat.RecoveryDto">
            <summary>恢复DTO</summary>
        </member>
        <member name="P:XMS.WeChat.Api.Models.Wechat.RecoveryDto.Serialization">
            <summary>序列化信息</summary>
        </member>
        <member name="T:XMS.WeChat.Api.Models.Wechat.SetProxyDto">
            <summary>设置代理DTO</summary>
        </member>
        <member name="P:XMS.WeChat.Api.Models.Wechat.SetProxyDto.Enable">
            <summary>开关</summary>
        </member>
        <member name="P:XMS.WeChat.Api.Models.Wechat.SetProxyDto.Address">
            <summary>IP地址</summary>
        </member>
        <member name="P:XMS.WeChat.Api.Models.Wechat.SetProxyDto.Port">
            <summary>端口</summary>
        </member>
        <member name="P:XMS.WeChat.Api.Models.Wechat.SetProxyDto.UserName">
            <summary>用户名</summary>
        </member>
        <member name="P:XMS.WeChat.Api.Models.Wechat.SetProxyDto.Password">
            <summary>密码</summary>
        </member>
        <member name="T:XMS.WeChat.Api.Startup">
            <summary>
            启动类
            </summary>
        </member>
        <member name="M:XMS.WeChat.Api.Startup.#ctor(Microsoft.Extensions.Configuration.IConfiguration)">
            <summary>
            配置器
            </summary>
            <param name="configuration"></param>
        </member>
        <member name="P:XMS.WeChat.Api.Startup.Configuration">
            <summary>
            构造函数
            </summary>
        </member>
        <member name="M:XMS.WeChat.Api.Startup.ConfigureServices(Microsoft.Extensions.DependencyInjection.IServiceCollection)">
            <summary>
            配置服务
            </summary>
            <param name="services"></param>
        </member>
    </members>
</doc>
